Country Name,Country Code,1984,1985,1986,1987,1988,1989,1990,1991,1992,1993,1994,1995,1996,1997,1998,1999,2000,2001,2002,2003,2004,2005,2006,2007,2008,2009,2010,2011,2012,2013,2014,2015,2016,2017,2018,2019,2020,2021,2022,2023
Aruba,ABW,,,,,,,,69.08298133,,,,,,,,,78.20209059,,,,,,,80.73058121,,,86.36099826,84.48275862,,,,,,,,,,,,
Africa Eastern and Southern,AFE,,,,,,,,,,,,,,,,,,,,,,,,,,,,,,,,,,,,,,,,
Afghanistan,AFG,,,,,,,,,,,,,,,,,,,,,,,,,53.37900434,,,,20.78601373,,33.45226202,,,28.93636215,,,24.67909398,30.27428764,,
Africa Western and Central,AFW,,,,,,,,,,,,,,,,,,,,,,,,,,,,,,,,,,,,76.76409508,,,85.8452841,
Angola,AGO,,,,,,,,,,,,,,,,,,,,,84.17264255,,,,,82.49695328,95.73579653,97.51566952,,,72.90038005,,,,,94.59441954,,95.6039457,,
Albania,ALB,,,,,,93.87673158,89.0508074,88.84454201,89.7785003,75.16971816,,67.51037344,65.34863946,58.60215054,59.67523681,60.27777778,65.33923304,,69.2329306,63.36287313,64.41558442,65.31100478,65.71222329,60.08802068,74.2970123,71.29300485,73.25392359,77.71920993,74.82038634,71.26408822,69.43672645,73.32533088,76.66209363,74.5099513,76.11829616,77.83371607,,,,
Andorra,AND,,,,,,,,,,,,,,,,,,,,,,,,,,,,,,,,,,,,,,,,
Arab World,ARB,,,,,,,,,,,,,,,,,,,,,,,,28.85327616,29.83771426,29.62989194,,,29.08857778,,27.7964976,,32.82567157,,,,,,,
United Arab Emirates,ARE,,,,,,,,,,,,33.96574154,,,,,,,,,,40.74433657,,,46.79422625,47.30687057,,,,,,,54.9345634,56.98504822,56.67429443,62.59627397,69.51427929,58.22920821,61.83832489,59.99603529
Argentina,ARG,,35.20843797,,35.44208276,,36.90491304,36.99796645,52.74374001,52.45901639,56.31500743,54.35745938,54.2530848,58.32241153,58.55263158,59.63302752,61.49802891,60.14453232,59.50413223,63.24549237,66.80763984,66.96302606,65.79080344,66.74303983,65.2870494,65.43955673,66.4767884,65.04751848,64.81036127,65.59737513,65.3954186,65.85143677,,,67.69363094,69.74382807,70.44111469,70.51326474,70.95268884,72.59105418,73.60951497
Armenia,ARM,,,,,,,,,,,,,,79.04540163,,,86.06977312,,,,,,,64.54844407,75.67361425,73.91304348,72.19917012,73.3012306,72.61837465,72.53463294,75.49816609,74.84559159,73.83084016,74.76831515,77.07449912,75.86492392,79.40888005,79.82342044,,
American Samoa,ASM,,,,,,,72.00883753,,,,,,,,,,,,,,,,,,,,,,,,,,,,,,,,,
Antigua and Barbuda,ATG,,,,,,,,74.86256872,,,,,,,,,,84.67339895,,,,,,,,,,,,,,,,,,,,,,
Australia,AUS,59.40594059,61.08955066,63.66164878,64.95314698,66.27457235,67.89889457,69.11354226,69.64646938,70.08012086,70.31080052,71.46738392,72.63551503,73.114714,73.41012752,73.78758287,74.24838049,75.61824713,76.62413558,76.98350791,78.18903581,77.89057147,79.05008947,79.65838939,80.11417697,80.63752151,81.27229982,81.02726381,81.59247406,81.95948866,82.23685132,82.68596556,83.15306826,84.06605858,84.67381464,85.28686388,85.71790113,85.96128037,86.67912402,87.70615954,87.62922555
Austria,AUT,57.28196444,56.86941727,57.47484767,58.86947877,60.05751258,60.76168494,61.98501873,62.58806614,64.40166643,65.37739934,68.92613741,70.06542069,69.92106356,70.49728556,71.25832406,71.39005047,71.73748874,72.68163416,74.35193209,74.44788018,76.68014723,77.94817397,78.63251731,78.87378467,79.6880354,80.91958831,81.35428066,82.12185474,82.80137048,83.17660137,83.84173097,83.92730134,84.22508948,84.32263989,83.87492519,84.16271959,84.75861232,84.42919075,84.80340701,85.27848671
Azerbaijan,AZE,,,,,,94.18423107,,,,59.47662602,,,84.19834073,89.0572055,88.33632914,78.33356174,87.90810157,87.71712159,87.53180662,87.35332464,87.7852349,87.6880985,86.76470588,86.18614416,87.59656652,90.15029914,91.34601209,91.11111111,90.56047198,90.29411765,90.77598829,91.09489051,90.35971223,90.24390244,90.53084648,90.81779053,91.69054441,91.58345221,88.93678161,
Burundi,BDI,104.469837,,99.79357798,,,,100.5440817,,,,,,,,101.7021277,,,,,,,,97.45183185,,100.4726439,,,,,,102.4867127,,,,,,99.12971877,,,
Belgium,BEL,55.98094292,56.54425904,57.94030459,58.44164149,59.11929284,58.8595764,59.88008257,61.90406385,63.61257829,65.28969249,65.66878668,66.25635493,66.5845689,67.59421054,68.69434734,70.50859084,70.96706012,69.19364702,70.53414626,71.25035253,73.37976783,74.43997328,75.29454294,76.1784691,77.09500879,77.76397516,78.4784933,78.76078037,78.84164714,80.06067107,81.17581508,81.52733201,81.36410082,82.33733311,83.8898206,84.28129281,84.36751727,84.65313029,85.3131822,85.25795219
Benin,BEN,,,46.34727684,,,,,,64.37360179,,,,109.8730102,,,,,103.137667,83.11161789,102.5003273,,,,,,,98.10725552,93.71168119,,,,,,,,97.95286586,,,96.04557727,
Burkina Faso,BFA,,81.89936833,,,,,,89.28250112,,,87.17339667,,,,,,,,,,,92.04301075,70.79133357,94.54949944,,,,,,,77.97227617,,,,71.63215614,87.32707006,,,83.39857835,76.76315016
Bangladesh,BGD,8.953540821,9.403928652,10.96941654,,,75.63411897,,70.83663534,,,,,62.93375394,,,,64.05640908,,,29.83178853,,,33.63228179,,,,43.48412076,,,41.04705767,,,41.80100756,45.05292907,,,,,53.67919272,
Bulgaria,BGR,,,,,,,,,88.66556837,,,,,82.42530756,,,79.44954455,81.86737644,82.21281763,80.68073299,81.02310819,80.10934089,81.79732449,81.59953238,80.85405442,80.54510322,80.36880005,81.07597437,81.43815556,81.39909141,80.90024128,80.9181803,80.15136226,80.2931781,79.47202713,79.2882147,78.77948406,79.08772835,80.1340559,80.04664629
Bahrain,BHR,,23.34783791,,24.22925438,,,31.39013453,33.14065511,33.40832396,34.31151242,35.22083805,36.02272727,36.94412771,37.82857143,38.64678899,39.58573072,40.53117783,41.30991159,42.27642276,43.29054842,45.09637532,40.89922481,46.07323678,,,,50.01717623,49.2247165,,,,50.0805153,,,,,,,,
"Bahamas, The",BHS,,,,,,84.7649919,81.5231119,86.59924147,87.48435544,84.44714459,82.54066042,88.53503185,85.46365915,88.79093199,88.89188824,85.3188929,,87.02570379,88.00489596,,,,,,,88.1377551,,92.80031822,87.50791841,91.72141919,,,,,,91.95638706,,,,101.9627501
Bosnia and Herzegovina,BIH,,,,,,,,,,,,,,,,,,51.64314171,,,,,55.29717628,54.18419987,56.14025686,57.51054318,58.98279036,59.09963073,58.1292517,58.93068801,60.39676574,60.9463895,58.61003437,61.25873064,59.26317778,64.15098032,61.978727,65.89803464,66.53019613,67.94206728
Belarus,BLR,,,,,,80.28021474,,,,,,,,100.4366812,,80.32287542,,,,,,,94.11972453,93.58615869,94.55922865,80.23255814,,,,,,108.365019,88.9852374,88.49824672,86.9663423,87.87288719,87.03286509,87.79751972,87.41098002,87.18284455
Belize,BLZ,,,,,,,,,,,44.23003682,,44.49152542,48.43161857,50.38167939,49.68632371,,,,,,56.85071575,,,,,,,65.73983341,59.01782771,59.53709392,60.472129,61.89440056,61.41110161,,69.38111935,,,,
Bermuda,BMU,,,,,,,,82.45294475,,,,,,,,,85.43579424,,,,,,,,,91.86046512,93.10344828,,,,,,,,,,,,,
Bolivia,BOL,,28.23912257,28.27044399,28.28568067,,70.15019763,61.79062483,65.12698413,62.06516183,68.57142857,69.375,69.63343882,75.94765952,72.61239368,,74.12738221,72.49179132,79.31488801,74.01197605,76.71068427,76.71068427,75.36239103,77.30242386,77.23000532,76.01212726,76.7081844,,75.39692173,72.46575684,73.66566213,75.0070205,68.65567041,73.22138187,75.68174281,79.44726059,80.73729133,74.10242708,84.03568605,84.49632461,85.89161046
Brazil,BRA,,48.31843838,48.46271646,50.32055018,50.78509491,52.01095929,52.86860181,52.05155492,61.95186169,61.8582195,,59.8463188,59.99853071,60.71419904,61.99687378,63.64970107,,67.33064277,69.09493092,69.59190012,70.62091544,71.9646307,71.92389006,72.14739453,71.72245205,72.44677646,,70.3976417,69.14379094,69.19960944,69.45597263,70.40144435,70.83200383,72.28822383,72.85565134,73.78129469,70.73256567,71.87478557,72.98614883,72.6374829
Barbados,BRB,,,77.23250201,76.84210526,80.80042548,79.69562955,79.5505618,79.46757679,80.09459459,,81.94276501,84.2797691,83.67374728,84.12655489,,,,,,85.126498,85.38461538,,,,,85.89991706,86.21169916,86.73637865,84.87208009,86.06329817,89.36955559,90.20515331,89.23230021,88.19105365,87.38282054,89.61439198,,,,
Brunei Darussalam,BRN,,,48.40644919,,,,,56.48260764,,,,,,,,,,71.13324089,,,,,,,,,,74.50462351,,,80.48372272,,,82.00397718,78.79158647,75.54631025,74.56531733,76.61311709,73.86519177,75.21891297
Bhutan,BTN,,,,,,,,,,,,,,,,,,,,,,66.74129005,77.28531856,,,89.75265018,87.72146683,86.98781838,96.28445257,81.69209431,77.20681402,78.58949143,,,79.09632714,85.15372619,87.60843481,89.32817138,72.81787363,78.47388116
Botswana,BWA,,81.24841732,,,,,,55.25652923,,,69.08344733,,76.11261884,,67.83833784,,71.78349601,71.08545035,,,,,79.47160598,,,80.12300088,79.70752299,,,82.29627701,,,,,,84.32859354,83.88194138,85.44768626,86.15634011,86.24429068
Central African Republic,CAF,,,,,79.25849403,,,,,,,,,,,,,,,,,,,,,,,,,,,,,,,,,,,
Canada,CAN,70.11278441,71.58925034,72.50299277,73.46840516,74.93540052,75.6992301,76.85203431,77.86335834,78.3094358,78.65073519,78.68751539,79.32433551,79.62670436,80.01052224,80.944788,81.38728483,82.10405551,82.68733135,83.42030653,84.30272155,84.71831178,84.69156491,85.15501369,85.74925061,85.6692179,86.37262904,86.81332443,86.54997633,86.88506277,87.17783685,86.83536465,86.55026753,86.92246679,87.07217341,87.39773196,87.50443181,86.74557243,87.41927631,88.4570557,88.4394059
Central Europe and the Baltics,CEB,,,,,,,,,80.33436596,,,79.39529305,78.5280281,77.2929794,77.14615355,77.54660645,77.7925503,78.06509063,77.33933539,76.98502584,76.66431298,76.11503215,76.1651584,75.70378497,75.44966589,75.72037185,75.62308874,75.74554357,75.92023228,75.76519471,75.76647766,75.60780317,75.51391975,75.64962562,75.58529527,75.2348175,74.81395472,76.14882419,77.24085426,77.50043824
Switzerland,CHE,,56.45672859,56.52959783,,57.93280096,58.76164713,62.23820338,66.09408773,66.88432239,67.71421619,67.84961898,67.69088974,72.2825811,72.46397108,74.08332272,74.45590946,74.09988684,76.00227393,77.30472416,77.44120022,77.81405084,79.01780364,79.23622621,79.10567925,81.22871417,81.82386092,80.67601011,81.05318123,81.66747208,82.41653075,83.49158394,83.91334223,84.34609861,84.07095094,84.74386778,85.51759722,85.1799365,85.7679752,85.55598541,85.86799885
Channel Islands,CHI,,,,,,,,,,,,,,,,,,,,,,,,,,,,,,,,,,,,,,,,
Chile,CHL,41.63763066,40.12927552,40.21473226,,41.46503589,41.73041414,42.29591157,41.60351017,44.24579526,45.28816199,45.68594178,45.14369345,47.67490032,49.12686889,49.66726925,50.29068618,50.49556599,49.73225876,49.85180632,51.94498586,54.42093881,55.90437227,56.63642841,57.95273864,60.27526061,61.58777868,63.10061021,65.37002404,65.98416745,66.84538082,67.79199418,67.61772928,68.44370102,69.52598056,70.60460614,71.41909276,67.30575922,67.72859216,70.9758758,72.88133219
China,CHN,,,,,,,85.87557333,,,,,,,,,,84.52480239,,,,,,,,,,81.53787103,,,,,,,,,,,,,
Cote d'Ivoire,CIV,,,,,47.35121731,,,,,,,,,,59.24153166,,,,,,,,,,,,,,86.79790099,86.00600749,,,77.52626679,70.32197143,,77.20907244,,,78.9298369,
Cameroon,CMR,,61.17878676,,62.46654313,,,,,,,,,80.92105263,,,,,85.73298429,,,,91.31016043,,91.40726367,,,85.85662211,,,,86.69840778,,,,,,,77.45423287,,
"Congo, Dem. Rep.",COD,,,,,,,,,,,,,,,,,,,,,,96.39592124,,,,,,,89.58951214,,,,,,,,90.31219103,,,
"Congo, Rep.",COG,70.89262613,,,,,,,,,,,,,,,,,,,,,96.78679983,,,,111.0078796,,,66.87402799,,,,,,,,,,,
Colombia,COL,,46.27215468,61.04868914,62.25045372,,58.69097354,,,,40.02801834,,,67.20720721,,,,77.19345681,64.76820551,64.30976431,65.72087293,65.37594957,63.82801319,,63.75510308,64.12704054,66.93582345,67.7628802,68.13877006,69.43187718,69.32163348,69.17375273,69.67117259,69.58545215,69.49619372,68.48191165,68.26592222,67.02666614,66.64950312,67.0607687,68.05195825
Comoros,COM,,,,,,,,41.43079316,,,,,,,,,,,,,64.14625488,,,,,,,,,,57.94467928,,,,,,,74.3314498,,
Cabo Verde,CPV,,,,,,,48.28396803,,,,,,,,,,,,,,,,,,,76.45997427,,,,,,87.12755027,,78.59834213,77.952,78.38969904,,,,
Costa Rica,CRI,28.01106362,,,,,,,,,,,,,,,,39.28264341,52.16492779,51.97729423,52.20965309,50.61753468,54.83040848,55.03531556,55.89624419,56.94742489,58.38469741,58.87548071,61.69996795,66.1628373,66.93749508,66.21260822,65.82664887,62.28939274,61.76625766,63.79339877,69.1597524,66.56953169,68.15439304,68.74588184,62.90893966
Caribbean small states,CSS,,,,,,,,,,,,,,,,,,,,,,,,,,,,,,,,,,,,,,,,
Cuba,CUB,,,56.09587143,,56.67676211,,,,,,,,,,,,,,,,56.79640719,,59.03288782,60.94497608,60.90236686,61.38900971,61.24450952,59.68714122,64.14039794,65.78645235,,,,,,,,,,
Curacao,CUW,,,,,,,,,,,,,,,,,,,,,,,,,,,,,,,,,,,86.31474433,,90.98719677,,,
Cayman Islands,CYM,,,,,,84.3373494,,86.53670771,,,,,,,,92.60674157,,,,,,,91.34637514,93.30346616,92.37278445,91.61928588,,92.00474496,93.48729792,94.16919841,94.22806194,95.69841645,,,,,,,,
Cyprus,CYP,57.64080765,53.81278158,,55.49459684,57.25480593,57.58052797,58.62194677,59.34494095,57.02610071,,,61.00564392,,,,64.10327365,68.01550495,71.37268407,72.68610207,73.36519868,72.67357992,72.24489796,74.07230884,75.81457889,76.5068643,79.35530706,81.02015113,81.30131856,80.56158858,81.19528357,84.32101779,85.69606927,84.62761331,84.94153138,84.59851006,83.45422893,81.74623768,82.40100208,83.90836945,86.66932237
Czechia,CZE,,,,,,,,83.39731286,,73.4508802,73.57175838,73.32241309,72.53263927,72.83256494,73.35922056,73.83560285,73.93751074,73.90665091,73.5480983,73.96007746,73.85002046,73.72083206,73.74071859,72.83968684,72.31540672,72.5204252,72.48251132,73.27448309,73.92710996,74.79580444,74.57771261,75.35432839,75.84119324,76.28599772,76.80073339,76.73091795,76.05249251,76.34974284,76.82711285,75.5004377
Germany,DEU,57.37986835,58.10955961,58.56700014,58.48832943,59.2659311,59.77510718,63.02106492,66.9825367,67.79502578,68.06697456,68.84870317,69.52837893,70.19294256,71.01062654,71.59358131,72.67019903,73.2987278,74.46747439,75.13852524,76.08768817,76.35936728,77.15762118,78.40298014,79.74051141,78.99822668,80.4933615,79.44402592,81.92569351,81.37955952,82.18763641,82.68711638,82.9455014,83.472414,83.8523005,83.56098802,84.03523341,84.14915584,83.95943242,84.32612713,84.55692787
Djibouti,DJI,,,,,,,,,,,,,62.11734694,,,,,,,,,,,,,,,,,,,,,38.72463522,,,,,,
Dominica,DMA,,,,,,58.26739976,,52.93028994,,,,,,79.24603703,,72.1604448,,64.1788919,,,,,,,,,,,,,,,,,,,,,,
Denmark,DNK,80.05643006,80.49761179,81.52236604,82.27220064,80.65800475,80.56631139,81.82411204,83.09227537,84.22814715,84.59108315,82.42322267,79.7618552,81.71205143,81.83267927,83.71926172,83.62076171,84.73271701,84.19537391,84.5392798,83.58549455,84.24364179,84.94191116,85.69158287,85.5046725,85.04443372,86.07752027,86.15560306,86.60350027,87.30275505,88.1238716,86.89403984,85.92871965,87.42671406,87.40195707,86.99483118,86.73177882,86.98822041,86.57955121,88.13931411,88.18150933
Dominican Republic,DOM,,,,,,,,52.24719101,58.04676754,30.36831969,54.1727672,,51.99757869,49.77256404,47.89595376,,51.20186459,50.14757701,53.10582822,52.6694114,52.31758054,53.93616444,54.62109317,54.07824223,56.83326561,53.84371248,57.83448142,59.84044009,61.10916158,61.11096072,61.28266674,63.20077417,63.88262733,64.42983777,64.79397385,67.21843764,64.35682296,67.50966622,66.1202683,68.66397814
Algeria,DZA,8.667056416,12.28752521,,10.18324607,,,,,,,,,15.25948877,15.57480981,,,14.16400426,,,,,,,,,20.31750655,20.5634621,,23.30383481,23.88489209,23.5203527,24.38951401,25.478665,25.93882495,,,,,,
East Asia & Pacific (excluding high income),EAP,,,,,,,,,,,,,,,,,81.25350019,,,,,,,,,,79.04629029,,,,,,,,,,,,,
Early-demographic dividend,EAR,,,,,,,,46.20015668,,,43.53454012,,,,,,45.53512714,51.60142569,,,,49.38780463,,,,,45.33060741,,44.5829001,,,,,,41.4142734,44.8287265,46.40024939,47.49104779,48.60896225,
East Asia & Pacific,EAS,,,,,,,,,,,,,,,,,79.73341736,,,,,,,,,,78.15561658,,,,,,,,,,,,,
Europe & Central Asia (excluding high income),ECA,,,,,,,,,,,,,,,,,,,69.65689055,69.46496038,70.58548328,67.33522067,68.82388357,64.74981491,67.71963118,68.21623113,,67.86906091,67.94341808,,67.8893312,70.72712559,69.44286114,69.96654018,66.89141387,68.1729881,65.2552949,64.87149919,,
Europe & Central Asia,ECS,,,,,,,,,70.40011941,69.64845823,70.11450647,72.04558553,71.17797367,71.71799579,72.85132674,73.4969886,73.43895792,74.38449464,75.46264793,75.81519932,76.37762898,76.33454206,76.89409322,76.61258728,76.81571334,77.38313021,77.12122069,77.95992224,78.20081827,78.26080296,78.5815384,79.04046978,78.93161341,78.16391427,77.94605577,78.17814012,77.45900991,78.47914948,79.1918218,79.43861958
Ecuador,ECU,,,,,41.81238034,41.76132738,34.34984142,,,,,,60.70980687,60.44582043,63.52454025,,56.36102836,64.90541422,66.01290963,60.07839019,63.89251365,63.03501474,63.09589237,63.44037591,63.9163391,63.12805326,61.81056462,61.27286615,62.33883562,62.76338694,61.25515955,65.13955174,69.11293328,69.90489889,68.91027662,69.59501717,66.93247535,68.59611956,69.62811797,68.46224499
"Egypt, Arab Rep.",EGY,23.68006304,,12.65269384,,,41.79333426,36.53504577,31.10703191,32.2124894,30.39000275,31.03727715,29.43982554,18.69520371,,27.34265734,27.64282806,29.86897624,29.39203966,26.81328284,,,30.71704137,29.39621592,32.30125523,30.03041194,31.55020926,30.79008521,30.12291496,30.3145182,31.24710246,31.79480817,32.14442727,32.9396382,32.82634731,27.06602407,23.19006374,21.33617816,22.20019391,21.67743241,
Euro area,EMU,,,,,,,,63.57583695,63.88556084,64.89174573,65.7923244,66.60658134,67.27083421,67.89589384,68.782299,69.569985,70.39234583,70.71243292,71.51162785,72.57983184,73.29212998,74.13316976,75.00010129,75.80858271,76.21915563,77.4465173,77.73528787,78.7570375,79.25631451,79.78390364,80.27283975,80.44857525,80.891504,81.12037835,81.21543215,81.727096,81.77713843,82.57632963,82.92503485,83.23580376
Eritrea,ERI,,,,,,,,,,,,,,,,,,,,,,,,,,,,,,,,,,,,,,,,
Spain,ESP,39.9510157,40.47445787,40.54339224,45.10320793,47.84994874,48.64076785,49.39680618,49.93949049,52.30327311,53.52086921,55.83996558,57.32577339,58.08083166,59.1242236,59.4540221,60.24764369,62.07091117,60.55281766,63.79537504,65.31211164,66.98764697,68.26664709,70.06373151,71.50010219,73.28782078,75.85912046,77.48244064,79.03054429,80.65849831,81.34550053,81.59725956,81.93962392,82.48522551,82.41675668,82.29773209,83.06166845,83.11140451,84.57247589,84.71371038,84.62770851
Estonia,EST,,,,,,83.56199845,81.38990938,80.3461109,78.29595047,78.30077511,78.12126388,78.45937656,79.630776,80.36902601,75.95801207,76.76064716,79.20251489,80.15353733,79.39265164,78.46209095,80.78846096,82.60447635,80.96814722,79.11343314,79.63081488,80.53261494,82.29354921,81.86910941,81.079183,81.02021118,79.25377468,81.0498953,80.52715292,81.08287449,81.25457514,82.29141467,81.99675694,83.38411799,84.94494102,86.66219558
Ethiopia,ETH,,,,67.6300578,,,,,,,74.28826616,,,,,68.32467956,,,,,,83.18633285,,,,,,,,84.05815137,,,,,,,,72.73232323,,
European Union,EUU,,,,,,,,65.79184721,68.42440063,68.22598238,68.90597315,70.17794772,70.33048921,70.58072796,70.98174554,71.74398477,72.50979717,72.8368462,73.23338839,73.91930539,74.40314684,74.92737415,75.60484464,76.16391872,76.37462288,77.35992441,77.59587762,78.50404136,78.93090348,79.31426926,79.6499985,79.74611982,80.08382471,80.28411371,80.36458686,80.67955747,80.59406203,81.38768615,81.90064313,82.21805105
Fragile and conflict affected situations,FCS,,,,,,,,,,,,,,,,,,,,,,,,,,,,,,,,,,,,,,,,
Finland,FIN,81.81693427,82.23357261,81.67104717,81.42061281,81.88965324,81.96744317,86.50786229,86.80594484,86.9142018,86.76918284,86.66704889,84.77962782,84.64591343,83.27994778,83.7183167,85.22020877,85.10377441,85.54181648,86.25659258,86.08034264,86.6272012,87.30611571,87.66384889,87.87869505,87.14522179,88.63505501,87.43640166,86.80207783,87.91018998,88.21137566,88.72025333,88.99983997,88.18824435,88.08972988,88.49735517,88.45251308,87.87589651,88.18852306,90.6369784,91.72349999
Fiji,FJI,,,27.29398013,,,,,,,,,,49.7347145,,,,,,,,,44.64736566,,,,,,56.93244157,,,54.39936776,,50.06883653,,,,,,,
France,FRA,67.0260207,67.39805093,68.54830492,69.01483129,69.70448131,70.2544384,70.82884659,72.36338376,73.17574989,74.52384295,75.26004487,76.05407196,76.34030254,76.22702293,77.13102003,77.36359323,77.98258438,77.91721147,77.95643401,79.80430715,79.66222872,81.13228826,81.51441181,82.29343967,82.62900139,83.13799132,83.41533915,83.71303056,83.79706466,83.99649203,84.66596701,84.78667849,85.12013721,84.98244335,85.41227269,85.90078767,86.08154521,87.26428488,87.27731986,87.83424238
Faroe Islands,FRO,,,,,,,,,,,,,,,,,,,,,,,,,,,,,,,,,,,,,,,,
"Micronesia, Fed. Sts.",FSM,,,,,,,,,,,,,,,,,,,,,,,,,,,,,,,68.0836011,,,,,,,,,
Gabon,GAB,,,,,,,,,,76.51770658,,,,,,,,,,,,78.69021339,,,,,68.62104539,,,,,,,,,,,,,
United Kingdom,GBR,64.19129559,65.48246558,66.5389925,67.67378557,68.29077469,69.93381573,70.51957831,70.83423677,71.72784905,72.96748533,73.38038996,73.66639988,74.5345904,75.19927766,75.50656302,76.65141733,77.1819632,77.74136047,78.68262266,78.28258187,79.26924298,79.63352445,80.00401526,79.81294178,80.08690913,81.0145997,81.34476035,81.81221082,82.02284848,82.8401761,83.24847846,83.50283147,84.12540287,84.71934236,84.92551552,86.38762807,87.2659622,88.19227224,87.53010235,87.3148009
Georgia,GEO,,,,,,,,,,,,,,,75.0330251,77.28057363,73.64195879,76.73254282,73.94747261,75.61777077,76.71343767,75.97552685,74.23822715,75.03410641,72.69922189,71.51755453,72.50630083,71.86306444,71.89730745,70.81498764,71.83964923,73.52405657,71.74989145,78.0334111,75.50368851,75.10192837,75.30049558,,,
Ghana,GHA,101.9808591,,,,,92.19219219,,97.24420954,104.4295302,,,,,,96.68304668,96.68304668,94.72984076,,,,,,95.1766208,,,,95.82488238,,,93.35216191,,88.47073121,,94.60971857,,,,83.4996493,94.99103352,
Gibraltar,GIB,,44.02818354,,48.67256637,,54.93868081,56.70846934,55.82061069,51.7194774,56.49008674,61.71155813,,,,,,,73.0017762,,,,,,,,,,,,,,,,,,,,,,
Guinea,GIN,,,,,,,,,,,,,87.86079836,,,,,,94.60469039,,,,,,,,,,,,,,,,,65.76315386,,,,
"Gambia, The",GMB,,,,,,,,,,63.82281726,,,,,,,,,,,,,,,,,,,73.27659452,,,,,,85.02776559,,,,,90.62549928
Guinea-Bissau,GNB,,,,,3.209178583,,,,,,,,,,,,,,,,,,,,,,,,,,,,,,80.75271425,83.71570202,,,85.57772117,
Equatorial Guinea,GNQ,,,,,,,,,,,105.1502146,,,,,,,,,,,,,,,,,,,,,,,,,,,,,
Greece,GRC,47.59882849,49.50589645,50.12824414,50.75926091,52.39630378,53.54688322,53.78735869,51.12783121,53.91338094,54.62896646,54.70146254,56.2111316,57.74505536,58.14640656,61.17916129,61.83831054,62.0543016,61.42852646,62.16821487,62.94764324,64.8573811,65.16080355,65.56254017,65.56818003,65.55942411,67.47792138,68.87421414,70.06765287,71.44309776,71.44057603,73.09703175,74.55346631,74.78334034,74.23932026,73.37355455,73.42687787,74.43936948,74.35222983,74.00891274,74.77073398
Grenada,GRD,,,,,79.76724621,,,,,,,,,,72.67904509,,,,,,,,,,,,,,,85.77348066,94.46749654,84.82490272,,,82.64370052,82.13191605,75.45149743,,,
Greenland,GRL,,,,,,,,,,,,,,,,,,,,,,,,,,,93.36371779,94.25038884,93.84924017,94.4584847,94.51272698,93.68153467,,,,,,,,
Guatemala,GTM,,16.50246305,,30.45404208,,31.59884367,,,,,21.86755598,,,,,31.59325721,51.87713311,,52.79642058,54.31468657,49.46396942,,53.68504472,,,,51.95817608,47.99685313,52.28999747,48.66991744,48.58792249,45.97891548,47.8208478,45.98231044,46.04243695,45.22742215,,50.49259644,50.16065518,59.94155733
Guam,GUM,,,66.37776861,,65.49473965,,71.02781425,,,,,,,,,,79.89417989,79.78142077,77.6203966,,74.68175389,81.62962963,78.97727273,72.18934911,,76.4957265,85.32526475,81.52958153,,,,,,,,,,,,
Guyana,GUY,,,,40.98645363,,,,,,48.39862035,,,,,,,,,43.4538971,,,,,,,,,,,,,,,,64.44962299,64.17280675,,,,
High income,HIC,,,,,,,,68.93842137,71.14988852,71.59484652,72.21322183,72.53581926,72.96653127,73.38001107,73.6172654,73.92612878,74.21341339,74.61648198,75.04008959,76.08804066,76.5150452,76.72070701,76.53859242,76.68997323,76.61385246,77.27991177,78.42997911,77.96677075,78.14213966,78.23473687,78.69602533,78.63006849,78.57802755,78.36992158,78.65483512,79.19253552,79.34767216,79.73944531,80.32646886,80.97189249
"Hong Kong SAR, China",HKG,60.61898379,60.31607765,60.7258265,60.57584445,60.25993502,59.31242917,59.00912316,60.6368134,59.26685465,59.50339178,60.76308327,62.10993602,62.90301355,63.3469819,64.27436441,66.48648649,67.05368119,69.45853324,71.6452903,71.69444444,72.30747768,73.0585256,74.19309373,75.31933012,76.24444126,76.67050691,75.77031426,77.40388832,77.92202122,78.73957716,79.25057391,79.52897761,79.87551565,80.69046226,80.50120201,81.51530401,81.92167921,82.4109139,81.76507858,82.15543813
Honduras,HND,,,,,,,,38.85834601,39.95968194,,,40.12731481,,,48.32552292,52.02180827,50.82136703,50.15914181,44.35294118,,57.69575613,50.49908551,47.31809729,47.21978558,49.46811124,50.69939843,52.54520774,49.72772977,48.77795956,52.9927217,55.90055459,57.02851246,56.87493939,55.16265245,60.3013881,54.41813698,65.37647332,65.571342,59.18159042,53.46641024
Heavily indebted poor countries (HIPC),HPC,,,,,,,,,,,,,,,,,,,,,,,,,,,,,,,,,,,,,,,,
Croatia,HRV,,,,,,,,67.25973458,,,,,,,81.43851508,,75.30688764,73.34047294,74.15813703,72.94069544,73.15119008,74.08952629,75.91436376,73.36106868,74.68116723,77.62578329,77.3246849,74.6273401,75.66598709,77.27784807,78.88307452,79.26480783,78.64549971,78.29507971,79.27874564,78.48978599,77.10346494,78.54214904,80.44232288,82.17782252
Haiti,HTI,,71.34649013,,,,,73.37553288,,,,,77.77475517,,,,,82.5166715,,,80.1056338,,84.14160311,,73.77938517,,,85.61344063,,73.33333333,,,,,,,,,,,
Hungary,HUN,89.74358974,90.73856975,92.21698113,92.02813599,91.24260355,92.23416965,71.68758717,77.21939773,77.07116003,76.40424661,74.85397149,71.02579484,69.17541644,68.35290417,70.79548631,71.2652963,71.24685849,71.25236041,71.94132063,72.82696506,73.08490762,73.88947964,73.5917523,73.16433715,73.52374398,73.9988252,75.67726432,75.37417065,75.90001519,74.99792259,75.10791367,75.02812148,74.66231445,74.21671219,74.04236554,73.37407246,73.18092651,78.78132458,79.2292706,79.69538691
IBRD only,IBD,,,,,,,,,,,,,,,,,67.20654385,,,,,,,,,,64.57276544,,53.91934699,,,,,,,54.43281751,,54.79987301,,
IDA & IBRD total,IBT,,,,,,,,,,,,,,,,,66.04157691,,,,,,,,,,63.97302366,,,,,,,,,,,,,
IDA total,IDA,,,,,,,,,,,,,,,,,,,,,,,,,,,,,,,,,,,,,,,,
IDA blend,IDB,,,,,,,,36.57513332,,,,,,,,,,,,,53.73263224,,,,,,,60.86373848,,60.21718469,,,,,,60.89552239,,,,
Indonesia,IDN,,,61.83490511,,63.60225141,,61.04716468,59.818855,60.92596843,60.09050213,60.80519885,,60.73335408,59.88652448,61.4893617,61.22199885,61.41315971,59.10724418,57.06542412,57.1145206,55.98135497,55.54829655,55.67666529,60.18916075,61.05093535,61.37761077,61.90800102,61.45201548,61.68715994,61.16003571,61.21967736,61.55049476,62.3058104,63.71153752,64.59648483,65.31324192,65.14032315,65.29785205,64.45470283,64.92593584
IDA only,IDX,,,,,,,,,,,,,,,,,,,,,,,,,,,,,,,,,,,,,,,,
Isle of Man,IMN,,,,,,,,66.76719805,,,,,72.36918605,,,,,77.98319328,,,,,80.59059633,,,,,82.93421812,,,,,91.2074091,,,,,,,
India,IND,,,,,,,,41.93307625,,,36.66718176,,,,,,37.06601939,48.06883365,,,,44.86283988,,,,,36.29422181,,34.55486096,,,,,,28.08941603,32.23980687,35.24167374,36.00532623,37.1143769,45.91736576
Not classified,INX,,,,,,,,,,,,,,,,,,,,,,,,,,,,,,,,,,,,,,,,
Ireland,IRL,44.859713,45.28650898,46.24467038,48.14268177,47.58100249,48.60552728,50.06580903,51.04216816,53.58577333,56.33053794,57.38860074,58.38866302,60.64056524,62.26759289,63.30191942,65.23166105,66.24239615,66.86629272,68.96824724,69.63521442,69.63375123,71.62167812,72.03807698,74.58013169,75.54740159,77.64769378,78.73428905,79.43578108,79.64341807,80.2217739,79.78502433,79.42398749,80.5363585,81.18726657,81.79416444,81.92914992,81.78727826,83.47077702,84.77519513,85.39329018
"Iran, Islamic Rep.",IRN,,,11.04665515,,,,,12.41707348,,,,,14.23220974,,,,,,,,,26.1304366,25.63319765,24.42545164,21.90285073,22.977591,22.49229817,20.80880239,22.3797057,19.75055955,19.26357733,21.01472518,23.49277457,24.87028116,24.80612476,24.12274471,20.38999015,19.50393759,20.10186405,
Iraq,IRQ,,,,13.91177252,,,,,,,,,,11.32246377,,,,,,,,,,16.89673297,,,,,16.66060029,,18.74139356,,20.18310445,15.43772439,,,,15.77767357,,
Iceland,ISL,,70.68585944,,,,,,85.46840192,86.6026643,88.65005118,89.45816219,88.93497243,87.58079249,86.85540832,87.6920768,89.85547175,90.80126126,88.71678915,89.71225496,90.12912384,88.38360011,90.12768644,89.46599317,89.1309083,89.04293329,90.85730595,91.48337901,91.87180566,93.29000399,92.79533394,91.87613886,92.33319039,90.87977208,91.02215044,91.10435545,91.18593332,90.67925715,89.38250584,90.30041384,88.83845262
Israel,ISR,,,60.93082159,62.3797306,63.32700222,65.59327411,64.40128098,64.9251447,67.01755858,66.97746167,69.15992414,70.61268578,71.47999388,72.18545838,73.21296138,75.42939274,76.72830562,77.45510622,78.08640619,79.71780008,79.87493973,80.4997379,80.49316653,80.53918405,80.54548321,82.90959222,82.87807551,82.50816026,83.01501636,82.98307554,84.30032217,84.39069559,84.97884245,84.99542028,86.69400191,87.16014255,87.92549965,89.00147521,89.21896202,89.02959095
Italy,ITA,47.83355908,48.27918382,50.13364272,50.71566444,51.93996798,53.29629461,53.21262838,53.9515295,52.59455113,52.26585632,53.10484702,53.88471178,54.70944466,55.16829445,55.92985173,57.25779037,57.85802349,58.9887732,59.55416592,60.1004653,62.12155482,62.32420308,62.77510232,62.77630708,64.0260966,64.17276573,64.60173995,65.39837177,67.03860632,67.65448097,68.33892646,67.54925272,68.27004219,68.9594178,69.2014953,69.73851017,68.92841078,69.59018669,70.05664308,70.61936362
Jamaica,JAM,,61.90258055,,,68.56767795,,81.13379274,56.91659401,,,84.2766446,80.46875,80.26490066,79.08847185,78.26382285,77.39726027,,73.42465753,76.27586207,74.25049033,75.0339213,,,77.55102041,74.73171126,74.5382274,74.69026295,74.80221462,75.98058337,76.37639517,76.25283593,80.0609218,79.44473576,80.2478021,80.07941478,80.5580054,79.91081093,80.13413605,82.09985935,83.69763457
Jordan,JOR,,,,,,,,,,,,,,,,,18.60816944,17.86259542,19.1588785,17.72151899,,18.16770186,18.85895404,22.82608696,22.1875,22.99382716,23.1496063,23.40764331,23.00163132,21.85430464,21.10552764,,,26.95772806,23.8280995,21.87484679,23.83889872,22.75025944,22.71683652,
Japan,JPN,62.05583756,62.35595391,62.46786632,62.87192755,63.42412451,64.28571429,64.75521042,65.29660362,65.04635269,64.48384989,64.4898851,64.38527335,64.37945498,64.81212293,64.84640755,64.48362393,64.44563597,64.91223436,64.91601134,65.06277561,65.69226789,65.96159616,66.20601128,66.21612387,66.58644921,67.31204286,67.61661288,67.65019952,67.96506205,69.23611702,69.90954403,70.37448068,71.35393745,72.44950068,73.67059783,74.65317676,74.40648767,75.08799484,75.91036415,76.75070028
Kazakhstan,KAZ,,,,,,,,,,,,,,,,,,,85.47728769,85.94658911,85.67081238,,,,87.6100381,,,,,,,,,,,,84.37086093,,84.85254692,
Kenya,KEN,,,,,,86.97788698,,,,,,,,,,94.6251293,,,,,,80.63574348,,,,87.51070336,,,,,,,92.20645161,,,86.16495213,,86.58639075,,
Kyrgyz Republic,KGZ,,,,,,78.64912045,,,,,,,,,,,,,74.73641525,,71.98762776,,70.15523933,,,69.61172742,75.56688433,74.53623332,72.62839187,70.54569872,72.17547759,71.82488649,70.61520125,67.09849671,67.73105962,66.46353373,68.86799803,67.28410096,68.20959563,
Cambodia,KHM,,,,,,,,,,110.2582935,,,92.72630869,90.02833729,90.49378155,95.15045105,94.46022026,95.8353817,,87.87504946,87.87243948,,,84.33891341,83.01567181,88.77531119,91.74408236,91.54753115,82.16631221,85.92581479,85.75729264,85.01771613,86.1963643,87.98839258,,84.32786332,87.76984967,85.91120951,,
Kiribati,KIR,,,,,,,81.19842124,,,,,85.22589865,,,,,,,,,,62.02801462,,,,,78.31036549,,,,,63.03368255,,,,66.21652816,72.72041063,,,
St. Kitts and Nevis,KNA,,,,,,,,74.31359792,,,,,,,,,,88.18617385,,,,,,,,,,,,,,,,,,,,,,
"Korea, Rep.",KOR,56.38430611,57.94705191,59.75376425,61.96606525,61.79005737,63.38992743,63.48011728,62.8048943,62.27432529,62.19879518,62.66799403,63.33555844,64.13601228,65.41288143,62.70603755,63.98790729,66.25080489,67.13378703,67.05359873,66.02747033,67.35075865,67.8012008,68.42726152,68.39159149,68.62585698,68.0254464,68.38767868,68.51179921,68.69358023,69.09184937,69.91709064,70.57651935,71.02735661,71.66893614,72.16472501,73.15320455,73.10414977,73.82189596,74.71798004,76.40550484
Kuwait,KWT,,37.36475114,,,42.86963037,,,,,,,52.02056432,47.30005838,48.10199942,,,,,,57.43375859,,54.3029872,62.15005599,64.32616082,,64.00869466,68.16827144,,,,,65.2173913,56.78998293,,,,,,,
Latin America & Caribbean (excluding high income),LAC,,,,,,,,50.53703241,55.35829541,53.49139772,,56.57781835,57.64195173,58.57517398,58.7086062,59.67147335,,62.2400047,63.17840196,64.38421952,64.62950906,65.80967417,65.59371918,66.15508302,65.97157184,66.98679275,,65.82842233,66.17721031,66.08990846,65.77308127,66.31780863,66.88063027,67.49994426,68.17322947,68.98768662,67.46111636,68.24960835,68.99868654,69.50899088
Lao PDR,LAO,,,,,,,,,,,,97.17883521,,,,,,,,100.1060445,,99.25149701,,,,,96.03497739,,,,,,,88.16263025,,,,,86.87301251,
Lebanon,LBN,,,,,,,,,,,,,,,,,,,,,29.57317073,,,31.55535634,,31.23689727,,,,,,,,,,41.59403653,,,,
Liberia,LBR,68.72743682,,,,,,,,,,,,,,,,,,,,,,,89.87875593,,,90.03572193,,,,87.54913522,,87.66492528,86.98012293,,,,,,
Libya,LBY,,,,,,,,,,,,,,,,,,,,,,,,,,,,,55.36241391,,,,,,,,,,,
St. Lucia,LCA,,,,,,,,61.52871086,,77.56653992,78.11271298,74.14012739,74.77477477,76.14795918,77.27272727,80.51948052,82.66666667,70.9878178,,82.80127694,83.7398374,79.79002625,88.2183908,81.01092896,79.75954954,81.98005698,,85.00893962,87.53898305,84.04664105,,,,84.72454756,84.02242282,87.6096551,84.65252777,85.28719762,82.63237718,
Latin America & Caribbean,LCN,,,,,,,,50.26312424,54.58071372,52.90172424,,55.907228,57.12014453,58.09196744,58.36805108,59.39995205,,61.94942271,62.90791011,64.02803147,64.3245737,65.33719501,65.14794367,65.73212616,65.65522464,66.68777477,,65.75973402,66.13168716,66.17887496,65.90940283,66.43396732,66.84883822,67.62286317,68.3085898,69.16133984,67.47814438,68.28315936,69.1033773,69.70420216
Least developed countries: UN classification,LDC,,,,,,,,,,,,,,,,,,,,,,,,,,,,,,,,,,,,,,,,
Low income,LIC,,,,,,,,,,,,,,,,,,,,,,,,,,,,,,,,,,,,,,,,
Liechtenstein,LIE,,,,,,,,,,,,,,,,,67.40522541,68.09474502,68.09993425,69.7467851,71.16763631,71.6904277,71.38794854,72.56565657,73.25468425,73.76244566,74.21401382,76.05398636,76.01854453,75.83959189,76.34990739,77.25309531,77.47093023,77.97356828,,,,,,
Sri Lanka,LKA,,46.65918724,45.61027837,,,,58.16103763,,48.33682556,49.65236783,49.62827703,47.8411977,46.92419632,46.64464993,53.88621273,48.59945785,48.21617336,48.18731118,49.48453608,46.31414431,46.40566542,45.5684516,52.3528544,48.52941176,50.56826568,49.1345617,45.77270363,46.22340569,43.94505201,47.10534641,46.32930618,47.92732924,47.68086581,49.05130856,45.90714638,47.16561994,44.50495118,44.66615935,45.39441937,
Lower middle income,LMC,,,,,,,,45.28428254,,,36.3250776,,,,,,44.36318379,53.86565363,,,,46.05460772,,,,,46.66032251,,43.68781343,,,,,,36.57907323,46.425065,44.73666915,45.2048773,49.97731915,
Low & middle income,LMY,,,,,,,,,,,,,,,,,65.0447982,,,,,,,,,,63.0100662,,,,,,,,,,,,,
Lesotho,LSO,,,47.77486911,,,,,,,,,,46.97477509,81.21387283,,85.29746116,,,,,,,54.42972648,,78.77358491,,,,,77.41586701,,,,,,72.88504223,,,,
Late-demographic dividend,LTE,,,,,,,,,,,,,,,,,82.72441782,,,,,,,,,,80.20639222,,,,,,,,,,,,,
Lithuania,LTU,,,,,,80.54625787,,,,,,,,77.24731183,76.30789879,80.58998947,82.62464114,81.6690551,80.41265475,82.89002018,80.51996809,80.73155216,81.87378688,81.01216796,81.22296721,83.95637373,84.72903226,83.55263158,84.13170338,82.560968,82.82705611,83.9079574,84.28497864,84.09344218,83.61215886,84.41774764,83.32945827,84.27488096,86.88621428,85.41097791
Luxembourg,LUX,47.2579978,50.21061863,49.72178913,50.67736794,49.77604476,50.25470105,49.61988693,52.14964681,56.87102363,54.73914311,56.68016194,54.03064222,56.61834419,58.97971176,59.64588884,63.31928657,62.60744552,64.52668757,65.47189118,67.08102211,69.95686335,71.21675399,81.80914678,82.17426059,74.92282748,75.06244921,75.42148911,77.55120914,79.17168055,79.59708789,80.30232243,83.94549763,84.19740548,86.41208653,87.26425421,85.32905297,88.28231503,87.43519412,89.09001506,87.94725793
Latvia,LVA,,,,,,82.63673891,,,,,,,,,75.68450985,74.08891858,75.44483438,77.89427969,77.67517079,78.39183585,77.29509071,77.24356532,77.28274862,76.91839838,79.04319834,81.35340365,82.90639031,81.25373226,81.79396092,81.73087103,80.34554313,80.29077962,81.93223471,81.37552718,81.61955043,81.86121729,81.71185229,80.68023169,81.93229029,82.05332272
"Macao SAR, China",MAC,,,,,,,67.32673267,67.10963455,65.098529,65.63202247,67.86523216,67.20658888,69.54752805,69.80507071,70.56086844,73.42931937,75.66737854,76.21805363,77.70577692,76.59942363,78.16157579,80.22303783,80.01359619,82.5,83.10915675,85.16856813,85.12311461,86.39508071,84.99045194,86.12775724,85.31696317,85.54731683,86.53895603,87.23684211,88.62433862,89.41018767,89.18558077,,,
St. Martin (French part),MAF,,,,,,,,,,,,,,,,,,,,,,,,,,,,,,,,,,,,,,,,
Morocco,MAR,,,,,,,33.4979314,,,,24.80974312,40.45346062,,,29.62864368,38.24123139,36.8956743,32.67453799,32.17380059,35.22492244,36.60172881,36.31633715,36.91810754,36.50814164,34.99802346,35.53383736,34.6359743,34.29340511,33.61413043,34.39211391,34.76584022,34.56979501,33.39904252,,,,,29.6875,28.44827586,
Monaco,MCO,,,,,,,,,,,,,,,,,,,,,,,,,,,,,,,,,69.59258612,,,,,,,
Moldova,MDA,,,,,,82.34036869,,,,,,,,,,,88.04120166,88.79727317,91.22429938,95.65670012,97.90601281,100.8374104,97.42325487,100.5969339,99.47451567,98.02291474,98.98812484,100.967687,102.6209772,102.5558072,101.0703893,98.81121139,98.41015477,98.81190685,99.78799835,99.18187094,96.80273533,96.2504346,98.77534414,99.4098196
Madagascar,MDG,,64.86874487,,,,,,,,,,,,,,,,90.08106819,,91.86086957,,94.6196868,,,,,96,,97.2469834,,,93.69794527,,,,,,,84.45626985,
Maldives,MDV,,30.6424617,,,,,26.15504077,,,,,38.00324237,,,,,52.18179283,,,,,,,,,56.16148246,,,,,57.61670467,,57.1981109,,,64.38668143,,,,
Middle East & North Africa,MEA,,,,,,,,,,,,,,,,,,,,,,,29.86464852,29.49700993,29.1699258,29.67589068,29.30137775,29.66372242,29.35181332,29.59791049,27.8770454,31.73991559,32.55612824,31.77294232,,,,30.39795047,32.32872004,
Mexico,MEX,,,,,43.01675978,,28.54872881,41.32964374,42.23102508,44.68300657,44.11131433,46.34684701,46.36986703,48.35303662,48.09635081,47.5582049,48.38614469,47.95181295,47.6545709,48.47158842,49.89627593,50.93514967,52.15549279,52.84083127,52.87656838,54.12637335,54.0229739,54.68682285,55.74444854,55.99490284,55.10196259,55.68049234,55.93933313,55.47095428,56.23958777,57.96035681,57.18194636,57.64173114,58.9996593,60.56605503
Marshall Islands,MHL,,,,,,,,,,,,,,,,,,,,,,,,,,,,54.4738323,,,,,,,,44.95303462,,60.9752911,,
Middle income,MIC,,,,,,,,,,,,,,,,,65.09709269,,,,,,,,,,62.9151371,,,,,,,,,,,,,
North Macedonia,MKD,,,,,,,,66.71046868,,,53.80911923,,64.12361899,61.95488722,62.61127596,62.35491753,64.7515528,69.3597561,65.10678392,66.17355498,,66.41157387,63.80293784,64.78664753,62.9770484,62.72345442,61.88192492,64.58156598,63.92024804,66.14168549,64.85248117,64.33932934,62.56169975,63.65916647,64.40444251,68.10743399,67.55213544,66.11397691,66.45622301,69.00877478
Mali,MLI,,,,,,,,,,,,,,,,,,,,,55.60592324,,78.09187279,87.73124503,,,61.86440678,,,84.77502471,74.30428078,76.75196043,65.84883522,72.11421254,66.66106841,50.11471309,62.5391317,,53.89895556,
Malta,MLT,,29.03633491,30.91521816,32.27183775,32.38716502,32.70663356,33.26799715,,,35.82927742,33.53495569,,35.5773268,36.13812544,36.75614259,38.53754941,42.201483,41.05773505,43.7936692,43.58026789,40.57234517,44.34746954,44.6745128,47.79165127,50.03589805,52.29215561,53.32786236,55.23742426,60.5852175,63.08795317,65.02448702,66.01969953,68.21948735,69.94157316,72.65509947,74.28775211,76.68731831,77.94992644,81.53744733,78.16770526
Myanmar,MMR,,,,,,,41.5,,,,,,,,,,,,,,,,,,,,,,,,,64.34333736,,62.10790464,63.21062083,61.66202305,58.87073882,,,
Middle East & North Africa (excluding high income),MNA,,,,,,,,,,,,,,,,,,,,,,28.69290873,27.65986982,27.34577098,26.55566224,26.55489722,26.11483806,27.16255108,27.19363844,27.29221369,25.38489574,28.22417961,28.28175325,27.42751608,,,,21.67936743,,
Montenegro,MNE,,,,,,,,,,,,,,,,,,,,,,,,73.16666667,72.68211921,73.01854975,72.88888121,75.59688364,76.3997962,76.83458805,77.66130793,79.25670842,77.0034956,76.28017615,74.82109521,76.50052112,76.58447217,76.80680698,78.99640059,
Mongolia,MNG,,,,,,,,,,,,,,,87.0606777,,80.90379009,,94.62224554,87.05282943,96.41300704,94.64045699,86.12782944,86.22291022,85.77229325,84.80982755,83.74386517,82.66911025,84.2701901,82.3988038,82.38103876,81.69063062,81.46472109,82.26701635,77.08441107,79.93120366,79.21276956,77.50032589,78.57530335,76.584778
Northern Mariana Islands,MNP,,63.10707185,,,,,86.16035686,,,,,84.13816612,,,,,,,,98.5340441,,,,,,,85.74004895,,,,,,,,,,,,,
Mozambique,MOZ,,,,,,,,,,,,,,108.145753,,,,,,104.5736065,,,,,,,,,,,,97.5653607,,,,,,,,
Mauritania,MRT,,,,,36.85818182,,,,,,,,,,,,44.18604651,,,,,,,,,,,,44.64137843,,,,,45.58471355,,46.49151563,,,,
Mauritius,MUS,34.7698335,,,51.08536585,,52.37692029,42.97940958,49.6954933,50.67592254,51.64084421,52.71639604,48.42735896,,,,,49.20188992,46.07243945,48.24272723,51.62250265,51.13447773,53.34668521,54.04860393,53.19215563,54.97242671,55.7195572,57.72686968,57.0015791,57.41441815,59.89445558,59.98881327,61.89301846,60.93790086,61.15845108,62.02437819,62.9916077,68.57838926,62.69851136,61.74065677,67.23193022
Malawi,MWI,,,,93.44994418,,,,,,,,,,,95.12287335,,,,,,98.87766554,93.34680312,,,,,,87.66644559,,87.38279046,,,,85.69370051,,,85.46653871,,,
Malaysia,MYS,52.89227166,53.64656381,54.06570363,55.46601261,55.50105116,54.57306389,56.00375235,47.04244312,55.31463587,54.0867341,,52.98233132,55.08304865,54.53358652,53.30211335,53.9297356,58.21808836,56.87393733,57.26024037,58.12226011,58.40751731,57.42685671,,,,,,60.25592774,,,66.61702656,67.0799752,67.74354497,68.36122908,68.67694603,68.81108499,68.62988221,68.51989128,68.13629702,
North America,NAC,,,,,,,,75.94677305,76.4626688,76.97907828,78.38773438,78.74287015,79.14370883,79.79619115,80.01709525,80.44966436,80.32423657,80.55294345,80.76522228,81.30228974,81.11094381,81.22044878,81.26113549,81.49885884,81.95985251,82.70765605,82.83427371,82.89120219,82.72596445,82.60388601,82.80987875,82.56909276,82.62169186,83.06869505,83.17557479,83.53804706,83.46462875,83.47384009,84.10194719,84.6561811
Namibia,NAM,,,,,,,,71.48688047,,,77.54707871,,,76.95587994,,,76.55016911,82.120859,,,72.27635075,,,,81.00649351,,83.47446715,,85.05561335,89.90939613,88.28231083,,84.27049714,,88.39141877,,,,,
New Caledonia,NCL,,,,,,,,,,,,,68.63480672,,,,,,,,,,,,,83.67709329,,,,,85.30263539,,,82.9999392,82.5356287,85.51902061,85.77143041,,83.5606217,
Niger,NER,,,,,25.02868947,,,,,,,,,,,,,45.03720664,,,,43.43760436,,,,,,75.94196218,30.15572892,,73.23657002,,,38.07633974,,71.41274432,,,83.98134461,
Nigeria,NGA,,,47.49808527,,,,,56.6011236,,,,,,,,,,,,,76.25118036,,,,,,,88.60564345,,88.9366933,,,,,,79.34565929,,,89.96479284,
Nicaragua,NIC,,,,,,45.08786413,46.04075017,45.3340948,,,,39.56902676,39.57771261,,39.5297914,39.5452468,55.48628429,52.02990395,,59.10828025,56.4556962,56.85279188,55.62236152,54.4516129,55.45685279,,,,75.79977718,74.11306935,57.65142062,,,,,,,,,
Netherlands,NLD,,51.81384959,53.21168966,58.36500831,59.61947142,60.16088845,61.9699815,63.1114743,65.54871547,66.41028568,67.73895753,68.61850984,70.00823793,70.80932938,71.29677089,73.50218921,73.9897506,74.96530707,75.38787405,77.10634463,77.89849619,77.8146205,78.85255807,79.81836388,80.45089945,81.43494403,82.54035206,83.36974099,83.66393905,83.60056457,82.96519221,83.81306759,84.41250449,84.67599061,84.98799442,85.60819609,86.40581927,88.17666217,87.88008684,87.67769918
Norway,NOR,74.10145297,76.25816366,79.49732075,81.15942029,81.10446622,80.7373868,81.54306705,83.58813432,83.5467848,84.23452681,84.40979656,86.85868102,86.9645864,87.1981982,88.06941156,89.03033342,88.35205514,88.90594617,90.69557944,90.38476629,90.90741618,90.36678493,90.52785146,91.4899789,91.85978426,92.25852555,91.59529336,92.85907566,92.10777782,92.66523884,92.76977292,92.46703565,92.34443883,92.73443983,92.13563322,92.71191068,94.60556845,84.92062382,89.74892075,89.78987225
Nepal,NPL,,,,,,,,61.07281614,,,,,88.43085106,,,90.82640044,,,,102.3965142,,,,,90.73417606,,,,,90.53738318,91.8202765,92.46813441,,50.79339084,,,,,,
Nauru,NRU,,,,,,,,,,,,,,,,,,,80.15900449,,,,,,,,,62.46356609,,69.03482783,,,,,,,,77.11926556,,
New Zealand,NZL,,,68.78903889,69.86992471,71.18105271,70.7891889,72.62330813,73.44553277,73.74220062,73.67227316,74.73768511,75.29970198,76.75114774,76.78230212,77.41356817,78.01958354,78.00413145,78.93702921,79.13295496,80.40132872,80.2569231,81.01324874,81.12615653,81.72072895,82.53155466,83.21433834,83.35395207,83.75494336,84.73389925,85.06154014,85.29506741,85.18802144,85.55615872,85.64370025,86.24783544,87.24775265,86.40756108,87.46163615,88.17683345,88.15652219
OECD members,OED,,,,,,,,66.33654493,67.00203453,66.58894277,68.17813744,68.61297033,68.92578016,69.31237063,69.51309825,70.07046545,70.48972554,70.45970515,70.82195295,71.30738974,71.54427863,71.88878356,72.60055631,72.6474092,73.01827837,73.89709345,74.1359163,74.53876039,74.86240935,75.18776631,75.37181264,75.52619671,75.86317636,76.20214001,76.48360191,77.10244275,76.97001252,77.29654304,77.9581389,78.59069936
Oman,OMN,,,,,,,,,,,,,,,,,21.43459916,,,31.98596309,,,,,31.41117931,,,,,31.95506319,,,33.8761844,42.0886446,43.27215267,44.22158548,44.70859781,41.71040076,46.17252544,
Other small states,OSS,,,,,,,,,,,,,,,,,,,,,,,,,,,,,,,,72.27965885,,,,,,78.54319544,,
Pakistan,PAK,13.2605121,10.51906293,11.24780316,,13.32312404,44.3378119,13.32312404,16.71255836,16.71255836,17.40610186,17.83508899,15.39676753,,18.02311582,18.51582394,,19.55031862,,19.63012208,,21.71179884,20.50605807,23.83033451,24.36097939,25.16628874,26.64599025,28.00974694,28.4664106,27.0979586,28.87643852,29.52095199,30.38041365,29.27114005,,27.20665107,29.46222823,,30.40971921,,
Panama,PAN,43.30538618,47.46321664,45.26384365,,45.95494112,48.23200204,41.87556826,49.61069297,,50.45335983,51.74825175,52.35047994,,53.64427861,53.5381516,54.19540951,52.84237726,52.25464191,57.62946204,58.41733871,57.90654206,59.1956903,57.45939821,58.62857143,58.39199704,59.65888024,58.89389389,57.95203093,60.04088595,61.85611113,62.78448985,64.52403248,64.81730339,65.79513916,66.89322993,69.71126193,71.83418205,63.5058526,64.57353667,67.78721285
Peru,PER,55.32359081,,66.17490696,64.63593854,,64.04359963,62.32073012,60.56181338,58.09018568,40.52581392,60.81664704,63.77932457,,75.30818254,75.83420852,79.08351719,78.16007088,75.81592126,77.59415223,77.87590551,79.14238086,78.4847523,79.67769336,81.13434632,81.51770384,81.44773913,83.23102711,82.6316095,82.35841053,81.97711788,81.57835825,80.2629079,81.42087023,81.87442443,82.51279566,82.5722274,76.56758072,81.88334345,80.95792692,80.8660762
Philippines,PHL,,59.74333416,,57.95918367,57.59615385,57.52642449,58.13356164,57.05104887,57.91959312,58.42092398,57.96888399,59.72475947,59.2019347,59.39548434,59.46435034,61.0785033,60.19912881,62.67342372,63.97723054,62.19156662,60.87530211,62.33867144,62.93223417,63.19354796,62.32376603,63.439003,64.0198445,64.45940594,64.29654054,64.55311747,65.0266557,65.38466716,64.01869781,61.26493535,62.62571913,64.14781443,63.62847612,64.06229551,69.26109733,
Palau,PLW,,,,,,,,,,,,77.08549223,,,,,78.85364676,,,,,77.05570292,,,,,,,,,75.82912515,,,,,,80.49592844,,,
Papua New Guinea,PNG,,,,,,,,,,,,,,,,,97.02162383,,,,,,,,,,97.34188069,,,,,,,,,,,,95.08165947,
Poland,POL,,,,,76.6756393,,,,81.97653099,82.04386695,82.83301313,82.53994021,82.34085124,76.20009109,76.57627275,77.0976851,77.06487117,77.74492318,77.47021779,77.32349166,76.68633725,75.98966062,75.57595537,75.43998322,75.19009134,75.41099997,75.69344211,75.60945138,75.84683816,75.56208602,75.53711844,75.55507419,75.25747764,74.9589856,75.26701345,74.70444448,74.23188539,76.23281891,77.3574926,78.37377287
Pre-demographic dividend,PRE,,,,,,,,,,,,,,,,,,,,,,,,,,,,,,,,,,,,,,,,
Puerto Rico,PRI,46.44960166,48.43481252,49.12617966,49.84673025,52.2154505,,51.0571523,50.46880052,52.53599476,55.09908168,,55.71002979,55.42071197,56.37121334,56.26401794,61.11666667,59.09244836,,62.4526352,63.44933996,62.0923913,63.52960913,65.76096303,65.25334272,66.4845173,,66.47173489,67.54563895,65.94488189,,,64.93797031,,,,,,,,
"Korea, Dem. People's Rep.",PRK,,,,,,,,,,,,,,,,,,,,,,,,,,,,,,,,,,,,,,,,
Portugal,PRT,63.81800999,63.72291983,61.96691828,63.95938385,64.78415016,65.24590164,66.27937792,68.71324491,69.82591876,71.35255948,72.37074567,72.91915395,73.51192693,73.64587058,73.89199043,74.83830347,75.60961616,76.11831893,76.41073473,78.30164403,78.11623189,80.00144686,80.16946461,80.94142834,81.00206042,82.18969693,83.12155929,81.42852883,82.50354546,83.17151109,83.44445823,83.86150509,83.48885837,83.80221654,84.59555569,85.09802094,84.92789531,86.28711601,86.65916796,86.96101294
Paraguay,PRY,,,,,,62.46928028,61.19546879,58.66017052,61.04287091,62.1386604,61.43006871,69.37431394,66.78240741,,55.72732115,56.58536585,62.71981243,62.35809104,60.35758323,61.61495861,66.29926753,65.59606584,61.41355798,64.6457068,63.39213217,65.5666037,64.3627802,66.93432891,72.40512449,70.29589966,66.71751254,67.65875451,67.6366421,68.64263104,70.42673899,71.24122056,68.63365577,71.18565576,71.69163167,71.40063495
West Bank and Gaza,PSE,,,,,,,,,,,,,,,,,18.24698357,15.89942097,16.28881505,19.18978533,20.15208522,19.70585934,21.02716549,23.0073672,22.77805674,22.42228666,21.07806521,23.06367041,23.82042306,23.1016836,24.19170392,25.42131805,24.54842594,24.77677615,25.16436149,25.83989689,24.74701718,24.98765647,26.2628119,
Pacific island small states,PSS,,,,,,,,,,,,,,,,,,,,,,,,,,,,,,,,,,,,,,,,
Post-demographic dividend,PST,,,,,,,,69.38461213,69.8381979,70.07894763,70.93921646,72.28347524,71.80853521,72.76351402,73.52971162,73.78423591,73.75015273,74.59514342,75.1073425,75.5977593,75.81000312,76.31790438,76.64888402,76.96179374,77.35720943,78.06031502,78.00494369,78.63299844,78.85864004,79.12262339,79.70746985,80.10263698,80.2654574,80.68994453,81.00171366,81.35698503,81.34091736,81.7688735,82.48389282,82.97227682
French Polynesia,PYF,,,,,65.39549926,,,,,,,,68.50852273,,,,,,70.10461176,,,,,72.99010513,,,,,77.49013418,,,,,,,,,,,
Qatar,QAT,,,29.57307237,,,,,,,,,,,37.48878924,,,,,,,44.27480916,,,51.98019802,,51.15576843,54.40241742,54.45048057,54.76588629,51.90644024,57.30664999,60.19771072,60.50495942,61.09368465,60.96662104,60.41080179,60.9921671,62.46724662,64.75401238,
Romania,ROU,,,,,,,,,76.51941891,,,81.37030556,78.96257567,81.95537247,81.24792013,81.81260457,81.82061015,81.85050829,79.17985456,77.49857856,77.28873798,76.16764715,76.38642715,75.80506038,74.57103255,74.23627362,71.92692841,73.44457194,72.67769011,72.18645984,71.92320878,70.14798039,69.82745073,71.01426847,70.26856386,69.71203868,69.29650238,66.38455563,68.1650415,67.77228203
Russian Federation,RUS,,,,,,78.78748707,,,81.93362747,81.05809238,80.38137496,80.1085463,80.23635624,80.70241256,81.06189999,83.55815516,83.95569355,84.05809508,85.54685275,85.9053969,86.22723085,86.49957077,86.91675318,86.23877297,84.86410561,85.19275303,84.23739371,84.63027175,84.6188851,84.29372632,84.3017913,83.98484588,84.03698971,78.04809647,78.31916744,78.40796302,78.69046769,78.53022465,78.96428165,79.72624113
Rwanda,RWA,,,,,,107.5336323,,,,,,,97.68109287,,,,103.686088,,99.67787656,,,104.0590406,,,,,,,94.84467944,,100.3319711,,,81.91996652,80.53955339,78.95904904,81.79995673,81.70799839,82.69550246,83.16835932
South Asia,SAS,,,,,,,,42.76422913,,,35.10127789,,,,,,38.24510478,48.07107172,,,,42.27329992,,,,,36.29944278,,33.69528392,,,,,,28.27138636,32.17004703,35.2475036,35.39184841,39.17238527,45.94090188
Saudi Arabia,SAU,,,,,,,,,18.12156078,,,,,,,22.91680838,21.13826537,20.86863127,21.07559325,,,,24.99427941,24.35530855,23.92883079,23.44668572,,25.83344228,26.1435382,25.65191258,26.08695652,27.57731959,28.37993106,25.62683331,27.89376941,30.59940446,36.98115099,43.64697412,43.2654035,41.413102
Sudan,SDN,,,,,,,31.21448394,,,34.78610701,,,38.94539615,,,,,,,,,,,,35.47362875,31.50684932,,40.44050474,,,,,,,,,,,23.26603844,
Senegal,SEN,,,,,29.19374248,,,72.47340426,,,,,,,,,,,,,,,49.39601223,,,,,65.68752533,,,,59.47767626,62.66825966,62.37509476,,58.07081429,,,57.40807175,
Singapore,SGP,56.47247198,56.13815542,57.4921235,59.70244151,60.89449541,61.62361624,,61.85499673,59.25874321,57.86823332,59.00084914,61.9592089,59.89773557,60.6294447,60.91291478,65.14586814,70.35367545,66.40494272,65.53108808,66.90760941,67.7764566,69.89247312,71.20357002,69.41284164,73.10372026,72.33149751,73.80392157,75.31729244,75.92787576,76.64907652,77.23919916,78.76417677,79.2596482,78.73124506,79.57699934,81.07176018,81.14884585,83.16268339,82.29564404,83.62837766
Solomon Islands,SLB,,,,,,,,,,,,,,,,46.60948973,,,,,,93.54898627,,,,98.03087587,,,,95.47668358,,,,,,,,,,
Sierra Leone,SLE,,,,,,,,,,,,,,,,,,,,100.0773874,99.4119421,,,,,,,,,,97.73791764,,,,91.05497299,,,,,
El Salvador,SLV,,,,,,,63.63636364,63.90996785,49.04242424,51.55772755,52.99696049,51.07632094,50.87125486,51.34114091,55.65379826,56.47924864,56.36132316,56.25790139,57.60555993,58.0808721,56.96218867,57.45501285,58.71124776,57.8748107,58.11923786,58.74583385,59.7352194,59.37902455,60.1513401,62.13583545,60.64533602,59.83525493,60.15229083,59.03962824,59.20383119,59.35885768,59.96272159,59.11937403,59.67982704,62.47199068
San Marino,SMR,,67.64746134,69.45704467,70.01651982,70.97086038,70.49792531,71.05045492,71.65267648,72.41895941,73.67205543,,71.99788862,73.04599974,73.81611925,74.23724356,75.46076883,,66.42988365,67.48884482,67.88643533,,,,,,,,,,,,73.17073171,,96.80546075,98.04461581,98.55332047,98.20209059,99.84522302,99.68829697,
Somalia,SOM,,,,,,,,,,,,,,,,,,,,,,,,,,,,,,,,,,,,44.67876921,,,,
Serbia,SRB,,,,,,,,,,,,,,,,,,,,,72.75541796,70.79365079,70.75361837,71.70127261,71.89167689,71.72295363,70.33919689,68.35864402,68.68935086,70.81874212,72.24768374,72.06691869,73.54988024,74.41008166,74.2726246,75.09566937,75.08515894,76.20033951,77.36061428,78.63358779
Sub-Saharan Africa (excluding high income),SSA,,,,,,,,,,,,,,,,,,,,,,,,,,,,,,,,,,,,,,,,
South Sudan,SSD,,,,,,,,,,,,,,,,,,,,,,,,,93.51922022,,,,,,,,,,,,,,,
Sub-Saharan Africa,SSF,,,,,,,,,,,,,,,,,,,,,,,,,,,,,,,,,,,,,,,,
Small states,SST,,,,,,,,,,,,,,,,,,,,,,,,,,,,,,,,,,,,,,,,
Sao Tome and Principe,STP,,,,,,,,,,,,,,,,,53.8585209,,,,,,69.21780987,,,,,,,,,,,92.49597424,,,,,,
Suriname,SUR,,,,56.92713678,,65.7435713,64.41348974,,57.49217236,46.4730899,52.22584148,50.81737506,,,,54.22120419,,,,,,,,,,66.11603013,61.95736938,65.69906791,67.93581724,63.88742072,66.167979,65.66979052,67.33445208,,,,,,,
Slovak Republic,SVK,,,,,,,,81.73603505,,78.96848138,74.29125202,74.76655872,76.09702123,75.77908866,76.16368818,77.00886219,78.02282725,77.80146745,77.47578835,77.82975844,77.08406664,75.09584711,74.29772401,74.64086605,74.71442798,73.86447048,74.92408385,73.70331188,74.13523277,74.89692007,76.31946384,76.52974087,77.19290518,77.79368782,77.13902364,77.37339665,77.9186865,83.04737207,83.53656723,83.54917278
Slovenia,SVN,,,,,,,,79.82870644,,80.0924341,79.85678705,78.6986715,81.39772797,82.85496764,82.12868185,81.12537891,82.62733506,79.07998329,80.21390374,79.50030102,80.66791882,80.15912707,81.11693217,80.33718022,81.57950875,81.8878993,81.58156778,82.14481925,82.83153553,81.8076606,82.50888696,82.47738941,84.8127069,85.17674249,84.00693923,84.5337738,85.24724218,85.98564997,85.31234273,85.1839539
Sweden,SWE,88.49232384,88.99346405,93.96873542,94.62453358,,94.77809798,91.9361499,91.72824915,91.83551689,91.62275295,91.0544046,91.95787192,87.68553478,86.4736963,83.84917973,86.10653236,87.52557822,87.46735903,87.97884613,88.27169743,87.88283489,87.57109847,87.63388366,88.02837674,87.70440113,88.2227108,90.8275134,91.78749188,92.32850032,92.49872061,92.48732051,93.37533923,93.59241299,93.4396998,93.88465781,93.96925763,92.50988999,90.26986913,90.48112993,91.15519121
Eswatini,SWZ,,,43.05058366,,,,,,,,,,,64.18511066,,,,,,,,,,,,,,,,,,,84.39995702,,,,,89.10016271,,
Sint Maarten (Dutch part),SXM,,,,,,,,,,,,,,,,,,,,,,,,,,,,,,,,,,,,,,,,
Seychelles,SYC,,,,,,,,,,,80.42975656,,,,,,,,,,,,,,,,,90.68404863,,,90.89833712,89.31698309,90.58968395,90.50964467,93.18794585,90.23455858,94.9686092,,,93.60697809
Syrian Arab Republic,SYR,15.33680071,,,,,19.02675277,,22.93393057,,24.19354839,,26.35612282,,15.82633053,19.93319814,24.79851209,25.83270724,25.5973106,28.76057374,24.62423213,,,20.18348624,19.13563468,20.16990956,18.16785365,17.92740371,20.78651685,,,,,,,,,,,,
Turks and Caicos Islands,TCA,,,,,,,,,,,,,,,,,,,,,,,,,,,,,,,,,,,,,,,,
Chad,TCD,,,,,27.71810609,,,,,79.92344734,,,,,,,,,,,,,,,,,,,,,,,,,67.72429335,,,,,
East Asia & Pacific (IDA & IBRD countries),TEA,,,,,,,,,,,,,,,,,81.25350019,,,,,,,,,,79.04629029,,,,,,,,,,,,,
Europe & Central Asia (IDA & IBRD countries),TEC,,,,,,,,,,,,75.94563206,,73.98519613,75.54501197,75.71365977,74.96040488,76.41844375,77.62293747,77.55172325,77.93193413,77.10533493,77.46636067,76.15333572,76.18063256,76.18652759,74.93827877,75.94660706,75.9434088,75.07553738,75.65111303,76.47662193,75.74897199,73.77536505,72.82558541,72.92842875,71.41333673,72.07268182,72.9088068,72.34940544
Togo,TGO,,,,,,,,,,,,,,,,,,,,,,,100.4895885,,,,,95.25958805,,,,124.0072093,,92.27659048,,92.76019864,,,94.90897574,
Thailand,THA,86.92631819,,,87.3294347,87.3387373,87.12714075,87.01950496,,,,77.72873673,,81.12956005,82.01386355,80.69422299,79.95515136,80.54865938,79.86247544,,80.22696435,79.61129446,81.33971292,80.11566384,80.74191969,80.68474659,79.52281392,79.62184874,81.26772722,80.4238019,78.60037485,78.1954505,78.40085206,78.28117277,77.95235283,77.95128453,78.15778319,78.4705742,78.73494456,78.7965352,79.1147832
Tajikistan,TJK,,,,,,,,,,,,,86.62361624,,,,,,,66.47494083,70.61765103,,,,,51.1832971,,,,,,,61.73633441,,,,,,,
Turkmenistan,TKM,,,,,,,,,,,,,,,,,,,,,,,,,,,,,,,,,,,,,,,,
Latin America & the Caribbean (IDA & IBRD countries),TLA,,,,,,,,50.22720263,54.56572432,52.85712479,,55.87811061,57.10732655,58.07653891,58.35602374,59.36072276,,61.92875727,62.89033377,64.03171768,64.50070305,65.34808044,65.2790147,65.83150119,65.74743743,66.77992997,,65.85090556,66.15390405,66.16558656,65.90940283,66.44105593,66.84883822,67.62286317,68.3085898,69.14242059,67.47814438,68.28315936,69.1033773,69.67738869
Timor-Leste,TLS,,,,,,,,,,,,,,,,,,48.56706779,,,73.06666667,,,62.20630222,,,47.89827358,,,67.31162305,,69.77839632,84.52671156,,,,,67.45456303,77.89913083,
Middle East & North Africa (IDA & IBRD countries),TMN,,,,,,,,,,,,,,,,,,,,,,28.78587477,27.72399107,27.38517509,26.5945176,26.59225926,26.16226442,27.21254977,27.22888927,27.34201082,25.39729325,28.26132537,28.32614864,27.46297287,,,,21.62849293,,
Tonga,TON,37.41007194,,25.9286024,,,,47.67887846,,,,61.12383776,,,,,,,,,73.81826031,,,,,,,,,,,,,,,64.65730676,,,72.10191446,,
South Asia (IDA & IBRD),TSA,,,,,,,,42.76422913,,,35.10127789,,,,,,38.24510478,48.07107172,,,,42.27329992,,,,,36.29944278,,33.69528392,,,,,,28.27138636,32.17004703,35.2475036,35.39184841,39.17238527,45.94090188
Sub-Saharan Africa (IDA & IBRD countries),TSS,,,,,,,,,,,,,,,,,,,,,,,,,,,,,,,,,,,,,,,,
Trinidad and Tobago,TTO,,48.71257854,48.96933132,50.44574631,58.33563345,57.69931344,50.94161959,66.93907875,58.00524934,59.42028986,59.38337802,59.5600901,63.09828772,61.36363636,62.39702365,62.13009864,62.41869109,62.4,63.65343348,65.81426649,67.55319149,69.62529896,71.10932691,68.79904243,70.50852006,68.7197418,68.73062445,67.59650055,71.10177796,70.91683895,71.4901813,69.88292918,71.89923323,,,72.53179891,73.24587588,74.11621617,75.79522863,
Tunisia,TUN,27.68218623,,,,,26.96032904,,,,,31.01952278,,,32.22600408,,,,,,35.86065574,,34.80266454,36.24960989,36.17599693,36.37928245,36.09513967,35.75570937,35.47844194,36.65310882,36.51784057,33.33333333,37.85092247,38.83560344,38.80059179,,39.73779385,,,41.92101504,41.10766955
Turkiye,TUR,,53.23472823,,,44.22203119,46.32936508,42.8490772,42.53691359,41.08059919,34.33426891,39.85400158,39.75469903,39.52469,37.54887649,38.12284999,39.57068975,36.0410223,37.24064112,38.98013911,37.74385915,33.19015176,33.01584602,33.75928337,33.83894138,34.90361583,36.8929837,39.01677335,40.19112723,41.50879662,43.0247846,42.46383116,44.01061675,45.08063508,46.35119097,47.03396829,47.73289251,45.30214139,46.71059185,49.09897926,50.29712985
Tuvalu,TUV,,,,,,,,,,,,,,,,,,,69.69607116,,,,,,,,,,,,,,53.84755832,66.4164974,,,,,67.20476272,
Tanzania,TZA,,,,,,,,,,,,,,,,,,95.20726411,,,,,97.19186332,,100.6008838,,95.58773643,97.10649538,89.37972844,89.69197187,90.93302467,,,,,,89.56696618,,,
Uganda,UGA,,,,,,,,,,,,,,,,,,,98.6746988,96.09254499,,,,,,97.42375231,92.3589089,94.59984932,87.89402592,94.98695701,96.33868449,,,92.31405069,,91.85509211,,88.47235907,,
Ukraine,UKR,,,,,,80.2278519,,,,,,88.83109773,,,90.05316172,82.18740493,,85.3841625,85.95322676,86.05411835,86.27078314,83.94936336,83.19386843,82.9231819,82.40516661,83.98843931,,82.74398868,82.18793829,,81.01905312,81.26084442,80.90619572,80.68115942,82.20426136,76.00123466,75.88653601,75.98021282,,
Upper middle income,UMC,,,,,,,,,,,,,,,,,77.52722212,,,,,,,,,,74.3848207,,,,,,,,,,,,,
Uruguay,URY,56.1323994,46.04815864,,,,,63.85704653,59.71085652,61.87198899,61.27369008,62.20580186,63.16928069,62.98970451,,66.71102329,67.07261756,67.67437076,70.31120191,69.52952145,70.5919127,69.24930309,71.13533409,70.37674715,71.11158129,73.04802701,73.27794902,73.61710658,74.69904824,75.51548454,73.5060078,75.15411524,75.68272229,76.48559872,76.8802534,77.58752166,78.13494057,79.05485183,79.63868437,77.96831001,80.4812233
United States,USA,70.15706806,71.42857143,72.47706422,73.49081365,74.27821522,75.13089005,75.2617801,75.72559367,76.25329815,76.79045093,78.35416583,78.67821452,79.09025482,79.7725275,79.91427312,80.34528908,80.12565165,80.31245382,80.45936682,80.95037275,80.68625044,80.81366011,80.80556463,80.99640823,81.51960852,82.27012453,82.35418071,82.44625754,82.21895979,82.04164754,82.31571647,82.08110065,82.09541979,82.57684345,82.65585403,83.04508778,83.05893828,82.97607953,83.54862439,84.16571244
Uzbekistan,UZB,,,,,,,,,,,,,,,,,,,78.17574021,80.04819277,93.30323552,91.35622109,91.54658982,,,90.15100895,89.2000536,87.31996231,87.62582204,88.94256575,89.04964162,89.71579643,90.13010908,90.83463339,,82.90409615,54.57590506,,,
St. Vincent and the Grenadines,VCT,,,,,,,,54.80995419,,,,,,,,,,,,,,,,,,,,,,,,,,,,,,,,
"Venezuela, RB",VEN,38.45962733,37.84217016,38.07175441,38.66074732,39.1187926,42.62636152,46.20245323,47.70856371,46.93221178,45.49113319,46.06075574,50.18279308,52.54854369,55.8254774,57.21153846,,,63.47479144,65.43519847,,,62.21039488,62.4321349,62.52394395,62.72499747,63.68579598,63.13211206,63.58443092,64.10322983,,,,63.80121335,67.57076809,,,64.97524752,,,
British Virgin Islands,VGB,,,,,,,,81.43094447,,,98.82063882,,,,,,,,,,,,,,,,,,,,,,,,,,,,,
Virgin Islands (U.S.),VIR,,,,,,,82.26587356,,,,,,,,,,,,,,,,,,,,,,,,,,,,,,,,,
Viet Nam,VNM,,,,,,90.25886394,,,,,,,91.43576826,90.5370844,90.70967742,91.54746424,90.40735874,90.625,90.5511811,90.36939314,89.54828454,,,89.90032884,,88.88073896,88.31063074,88.08348819,88.70838124,88.96835505,89.00097943,88.17890985,88.33900136,88.13348137,86.93098385,86.97777174,85.97055768,87.66323907,88.24460413,88.61347388
Vanuatu,VUT,,,,,,89.55746218,,,,,,,,,,85.71753468,,,,,,,92.78876915,,,76.99736499,82.12998176,,,,,,,,,85.32822809,79.06967042,,,
World,WLD,,,,,,,,,,,,,,,,,67.46476939,,,,,,,,,,66.67464864,,,,,,,,,62.28324159,,,,
Samoa,WSM,,,,,,,,51.99326948,,,,,,,,,,47.67338471,,,,,51.21202823,,,,,39.98971546,61.15555333,,61.1738149,,,61.61596474,,,,,55.49901046,
Kosovo,XKX,,,,,,,,,,,,,,,,,45.68210468,,47.98331015,41.14365411,37.16814159,43.48462665,43.96551724,43.40490798,39.6656535,42.66666667,,,31.80480676,34.58450937,34.30925382,31.50976071,31.40735025,29.97088005,29.74622551,34.77941453,36.66100255,38.34284802,39.51856385,
"Yemen, Rep.",YEM,,,,,,,,,,,22.77267819,,,,,31.18741059,,,,,14.03508772,13.95348837,13.8381201,13.75661376,13.65461847,13.4790281,14.85620623,,,,9.229757828,,,,,,,,,
South Africa,ZAF,,55.69699499,,,,,,64.92307692,,,66.60958904,,69.18714556,64.38095238,66.60682226,76.08318891,71.34748686,80.15972843,79.72008865,78.55897101,76.7946843,78.36227284,80.02622647,78.98862947,74.43897439,74.17777136,73.70098242,75.16691147,74.88201103,76.27631101,76.36582114,76.77938237,76.52368028,77.44669305,77.66817438,77.61151033,76.74013719,76.7073707,78.0044412,79.81242062
Zambia,ZMB,,,,,,,51.34352373,79.14893617,,,,,,,83.82352941,,66.98971224,,,,,,,,,,90.09146341,,,,,77.70643963,,81.29372139,80.14440987,77.56057799,80.50409021,81.576527,82.60649941,
Zimbabwe,ZWE,,,,85.8902866,,,,,,,,,,85.111475,,82.07151037,,,,,87.72366931,,,,,,,87.9411531,75.69046378,,89.71627241,,,,,84.43377852,,83.83131487,83.35148114,83.5202819
